Var2|Var4|Var6
820.302842114714|978.15350268895|460.688025435734
819.853370796173|977.770269979803|461.375437705659
821.552765330007|978.7127652817|458.51536697658
822.406906052991|977.017932011236|460.326892844592
824.090688787715|979.053638143559|459.183547655327
822.270653714659|974.362961913333|458.160847522427
822.512459494122|978.504568913941|461.310920203936
822.677794271406|977.457286553477|460.587830993496
821.628157175047|975.809689833331|459.190153999881
824.041624717428|976.080662004347|457.215202868063
821.608925084623|975.257022763147|459.529942284165
822.766506068429|976.093335316588|457.979926087232
822.709418217132|975.495431070688|459.107787517959
822.808861861341|976.069744972009|459.908193464019
822.184286039643|974.971698410413|458.039397510504
821.152922536805|975.834602742691|460.807277962697
822.420159091647|975.550362225033|458.598598852183
822.249224963917|976.014350103135|459.853905096428
823.299639742965|975.209554157544|459.162970891733
824.114413800173|975.880647613285|458.491874617249
819.107461465657|975.435140097389|461.410018786859
822.406577937275|975.886724091626|459.116827907593
823.455794588192|975.212142724099|458.105319098855
821.789760010823|976.63145843043|460.361620687131
822.568911834492|975.989316277752|458.995305005915
821.331074902532|976.314179318063|460.632475446389
820.145283544885|976.194716111803|461.724995333507
823.793194737213|979.174433641061|459.459981220603
821.653207630792|977.017159104486|458.497682723042
822.557941379823|976.744868428316|459.931515614793
823.884130653398|976.464792634377|460.088915584647
822.215517359798|977.769884791066|460.135028929356
821.07985028139|976.048803427802|459.649616196735
820.866423312236|975.045044975773|460.48222997566
821.37414752956|975.712768430346|458.650548810601
821.118692455818|976.853221395644|460.695538868423
821.5139799167|977.475045736631|459.317970330585
822.691062276632|976.896916276279|461.684493207439
823.967248955809|976.077697701372|459.637964899382
821.854571350815|977.128271828643|460.999086813388
821.835926446001|973.513598307596|458.432666306958
821.803128926621|975.702091068201|461.799757903815
821.380032801213|977.100367241031|461.078701228677
822.581925960931|976.813682552836|459.039315055378
822.318988765802|975.706565309245|458.978855115251
821.644024738547|975.165850666421|459.782756373635
822.293836177299|978.47543219331|460.607684991325
821.100073079021|974.275782102875|459.688839913135
824.488511240289|975.647423762181|458.985730474351
819.097623737442|977.675479166316|462.305480904175
822.181093278459|977.764511871243|461.144934661115
821.145950427624|977.800281094336|462.122026919356
823.608000001416|975.7618432977|460.227665983315
823.114539288645|975.705861910588|459.426224459378
823.753071031975|977.866317167786|460.162216387593
822.31121612834|976.782767535611|458.727454119972
822.749360234935|977.234917129063|460.803727077044
823.688435396843|975.606373508407|458.123037352901
821.67218492443|977.03006182713|459.904433076411
824.404596759186|975.908230367334|459.116226648208
823.813411347939|977.57600075042|458.415138730073
821.971045641144|976.682816502714|460.572264838552
822.629480614654|976.479828401726|460.569987139685
820.192739686805|976.861193313571|461.508884308733
821.662125150916|977.676486820465|459.627937701255
822.233228163541|974.69288157161|459.472683466705
822.829218925927|977.311887646271|457.794701325522
822.044610983967|978.023412170883|462.081019678003
821.951240969631|976.367558170252|460.053573999346
824.235331938587|975.735095937878|459.116749846756
825.802432377079|976.085017487341|458.14222775477
823.987892436718|977.836197463521|458.562452875497
821.712116167907|976.745464000752|460.161084951738
822.250611205221|975.01021710325|459.006226556869
822.682267779043|977.553882283821|458.380244002537
823.343527212448|978.347313967582|460.124822690723
822.195803526957|975.551732148092|459.355587915231
820.69277320434|975.873799236481|459.600056413237
821.738279982726|977.439067279022|460.166087051998
823.027669954024|977.627508166049|459.959186812502
822.326134374943|976.09702022632|459.924350779753
821.22293476655|974.329548071367|459.07487953665
823.136309112954|973.663710132221|457.924924333278
822.69817784342|976.385970339253|460.734738307026
823.332494915012|976.350997323458|459.417607322221
820.212083062535|977.141181105123|460.014721228438
821.381798026767|975.53908451271|460.720971627337
820.222913368421|977.029181022995|462.02361097372
822.998703005665|976.353409409155|460.207476453585
823.674770300609|975.608071237897|459.93891279979
823.65555632007|976.538497419463|462.046225017647
822.563492922354|977.1686903316|459.9774958338
823.370451305032|975.622773476285|458.409255733138
822.611185996477|976.445988394382|458.369445882712
819.703404707785|977.23483216228|461.547672268033
823.342658024745|976.920983305213|458.243446481343
819.796946087843|976.169086096135|459.644421219441
820.489784076075|975.697415939176|460.006872022064
822.083813959822|976.935758451093|459.737967076996
822.562183960913|977.033213090906|457.710737851127
821.714674635063|975.076206048005|460.142466692159
822.310988215264|975.228067587548|460.027403190593
821.897503572232|977.922077897908|461.426860077869
822.89936656433|977.037209021235|460.390523246556
821.623279892723|976.70028483573|459.085821626875
822.560156428494|975.562683051389|459.508505249749
820.512003166441|977.926830313416|460.560034364579
822.586862014778|977.29818608023|461.454697665573
821.095056945529|977.630159698708|461.602806520878
822.866687991692|974.790862722912|457.604092465903
825.136184659261|974.166404073795|458.728396666625
821.583164775099|978.07862099594|460.707127815474
822.996487242139|977.326266975585|458.737965540351
821.318017410472|976.044498766212|458.691454186774
821.743270421254|977.638160708418|460.657407351124
822.106219814368|976.625944650328|459.919454126867
821.690368983354|977.16462582057|461.663329182321
820.647213034957|977.601923829252|460.125158614037
823.449418113061|976.022226660598|459.305127937859
824.575236005015|976.137615192138|457.954527118953
821.934939945217|975.568825148518|459.633529242975
821.767124606178|976.329908939723|461.4337759015
824.346748413796|974.495194989377|458.196133940793
821.963212086077|976.441514549416|459.888382453358
822.756323063701|976.124492716327|459.305467153422
821.318003759008|976.467520077589|460.957983881363
820.979631463383|977.095568485166|459.954698738255
822.344494300957|976.432455789832|460.7325884952
821.789785718804|976.212271415421|460.646505096903
822.715963217629|978.405454523431|459.200682069159
822.38858225518|976.619478994322|459.39089876471
822.286577073493|975.668434459743|458.14871649167
821.794080524927|974.518607784089|459.382867336768
822.076734059155|977.387756716425|460.965990589045
822.13289042582|976.318651942286|460.562237462155
823.345304329958|976.910454688126|459.171752020045
821.24140524971|976.116636547689|461.515946383566
823.998952176407|977.065439457075|458.447015211068
820.582093705247|976.147149505382|460.34113589023
821.125386159918|975.115160348967|459.476001194194
823.967593224013|976.358376714026|458.459115727066
823.484927615572|977.159722247283|460.932874645644
823.730957750117|975.493610341041|459.348379695697
823.686935229643|976.810708731832|459.42557645889
822.786270438068|974.999628915984|457.869279123848
822.073373519544|977.656369321917|461.426243856813
821.809019747012|976.475733988258|459.489268226814
823.594881030514|975.217106122922|460.503685512462
822.713728919664|978.059762673388|459.102516347484
821.399233318744|975.959510233381|461.545796244836
823.063670921699|975.150992950839|459.982235321092
821.87333766453|976.175272188525|459.443233003659
821.89798038746|977.330205154216|460.776067532663
821.605440573116|978.841070862779|461.155325321292
822.430525854215|976.434396915595|460.091958180327
824.79807600227|976.789623538691|457.196247706064
821.900179837649|976.982126220171|460.280825018895
823.288106110192|975.772462043688|459.563440932101
822.297357570027|977.686377658888|460.84044153242
821.967738556908|976.187238593811|458.695387775008
822.093583575629|975.310711127524|459.743840734667
822.744684118224|975.766950222912|458.405654472602
821.637017972356|976.544407603032|460.696094441455
823.892030184661|975.16505070631|458.156370691985
820.599295141554|977.027012968611|460.311426855658
822.956967921504|976.838950331717|460.257093427163
823.529432428005|978.951890834466|459.624328455067
823.066099583867|975.282747456467|457.88309475351
822.443057875651|977.69851857217|458.389539103836
822.721605419235|978.925247714253|460.591362870778
822.073274352053|975.155767233409|459.01943969971
822.072134214289|976.051223817978|459.447552165832
821.624628497441|977.026759425197|462.801537136608
824.724469748358|975.037168826423|456.589651206881
822.023798784982|975.995890605875|460.433579837428
822.39563986831|975.933503513286|460.757869685793
821.239465128882|977.461630425036|460.873938538807
823.129762098734|976.943709633744|458.398685092609
825.274140494031|974.787657884744|459.745754692564
822.527344083105|977.393522826745|459.903414293141
823.927925497686|976.029701147034|460.301761443355
821.312481087244|975.890178213959|460.144263721617
819.475521654502|976.582614564218|461.744437458969
824.152857985671|977.425784595954|458.440288564528
823.582554277159|975.353227841171|457.471954799278
820.526260700717|975.896198391965|460.125127937108
822.750803682303|976.654089348628|459.573185938334
822.982953373575|976.364185590981|457.40409202272
821.573244620764|976.830918821729|461.327553384723
823.73689655592|975.334066123502|461.53244654791
821.44161970627|975.741023442786|460.693292630005
822.567871684782|977.995337707585|459.764023405293
818.802039315482|977.146591410718|460.98443758489
822.25627563404|977.783805222579|461.357896633325
822.956730686805|978.268681261834|460.023442119474
823.215695915639|976.14093703246|459.707508930541
823.016348573261|975.555678013177|459.919010354271
821.333010678665|974.701825415366|459.110244545114
823.295829533121|978.20049773016|459.657674422802
824.017517030018|976.90889916794|459.350775143941
822.374711996696|976.871418954312|460.885769253937
822.968734259633|976.379468229036|459.347915200169
821.102441596782|975.296291714697|459.251281144664
821.520355773223|976.664634026102|458.136786851865
823.483655136965|977.47516369579|459.691603280594
821.150191713559|977.659347210264|460.96664363234
821.179948282992|976.57186935632|459.522637062144
822.454561237967|975.162870241649|459.424695077003
822.531809074856|976.861752435746|460.6529686522
821.95835251676|977.49614768487|459.934884504447
822.137794295397|976.54510297329|459.18282730745
821.748772151827|978.179663094739|463.006823236092
821.290371927324|974.056073342298|457.276877371503
822.989803513633|976.257543457822|458.708623417394
820.646153855792|976.5047534637|459.601897381586
820.45761780619|976.643883026858|461.823084748448
823.021227494813|978.625515088859|459.62453952651
822.322949507413|978.66081062076|460.008259721041
823.78865961446|976.833559111326|459.477762379581
822.467158314838|976.427643971757|459.074191958053
822.550883508448|975.91815617285|460.726042422425
820.814657447765|976.564131350149|460.255603675783
822.189434999288|975.910409229598|460.203699654648
820.180278868715|976.965496502036|462.195564180075
823.139865350534|977.620231074043|459.71532706114
823.736589611822|976.938675654321|458.241623255502
823.354681679812|977.553459869991|460.934797323426
823.475524221985|979.178133730852|458.919387530422
822.609512606274|977.702257442056|461.297252902266
821.854765630829|977.248024558356|460.150596725207
823.929262217102|976.416838907963|459.923218666402
821.682801647074|974.85920056847|460.999437818552
822.842663371416|977.010952216011|459.201949369698
821.035564704896|977.057377921125|460.482995162179
824.448901669275|976.862587388899|460.495158803678
823.140698395216|972.962747412376|458.233815229217
822.473447505324|976.401711500588|457.907724262369
824.947033404991|974.845573724869|458.860968282697
822.714284467679|975.327836217678|458.26097791997
822.700159193261|975.493572029993|460.099982303392
823.304908404855|976.814859843539|460.584873751163
822.635928469207|976.93643048105|460.817296448859
822.907016801589|975.7239896427|460.27411400048
824.022999438656|979.201421198217|459.051516808636
823.657478926255|976.549109582386|459.553874419006
821.467171587134|976.656598112967|460.379321496475
823.689610343903|975.725630596942|459.060251569988
824.770936983511|974.781003622542|459.003233313795
823.274692783543|975.906683600349|459.219801228212
820.481390154695|975.734786086866|461.364002677458
822.564360179844|977.002308317771|459.707203640008
821.136885790238|975.865804513643|458.752026724361
823.638749532235|975.636354993837|460.185669067468
823.349642880481|976.2363884501|459.567924383016
823.280468385463|976.662402961448|459.865153337951
823.268302075984|975.519261444477|459.030893553965
823.493837043188|976.008790243222|458.224576179707
821.512956163017|975.077243807603|459.547792308404
820.822792828416|975.80415240076|460.97422129013
821.892113293298|975.698463466567|460.466789493176
821.057736451689|977.882992676703|461.357964511585
822.677923114423|975.696410177772|460.299423949901
824.507775879538|977.186606489363|458.932816169277
820.970671020091|975.179003148021|459.609752828409
822.378799692616|976.162187757549|460.07956925067
824.82258880203|976.460506145338|460.632787045667
821.076295755007|975.01916426212|459.213145018719
823.614695201727|978.1690163028|460.031414933982
822.894338666577|975.135191314491|458.182960738257
821.349811698271|976.664854523642|459.849439926923
822.12529811335|976.116947207647|459.595344071562
823.703719949451|975.904075235601|457.054322694391
823.721702851012|976.111010244289|459.342079688473
820.894851238303|975.197443497783|460.711241929663
824.633191937604|977.283672699119|460.810139988941
823.985530685462|976.237966739374|457.167695192017
820.566588503873|975.654830033511|461.366886905683
821.844945088035|976.954037632179|461.405748970742
822.956045429948|977.130861226431|460.235065635627
822.773882822766|974.827000585168|457.964019615363
824.440596646304|976.064586204072|458.950623882653
820.639664999223|974.592616165776|458.883048769343
822.439205223278|977.982049272744|460.314449576265
821.323646189137|975.394404079858|460.180111897786
822.786802960596|978.699166852376|460.235065477464
822.539356284259|976.560006393948|458.093842724832
819.294502086562|976.949923663116|462.023646990124
821.990691025078|976.396051948425|460.251931735263
822.684834660939|977.078882494136|459.542481465728
821.401848284811|976.626469407324|462.072526468767
821.087106278785|975.634224508816|459.933904667046
824.524336507614|975.474957233275|459.624312395029
822.460612982351|975.753857347216|460.316818279219
821.211636946592|978.271924812113|461.167406975986
820.788640125036|976.33824283748|458.895537441248
821.93275288533|978.643022767021|459.928492080886
822.990562155854|977.250526344576|459.108776725646
821.900182410438|977.232329507156|460.169647875881
823.332635502606|975.014614367645|458.740585523543
822.196116889346|977.168060187869|459.345228675645
821.4479076898|976.809539820356|460.313816751565
821.772278657862|977.961546315789|461.062051622266
823.324701317412|976.991359565592|459.50629059436
822.350671016277|976.602651904806|459.909030831524
821.22833709153|976.175684964156|460.504079043933
821.764434917714|974.588001426678|459.705399482936
821.340778254107|977.010221402433|458.442550667744
822.531342164999|974.987615143835|458.0131165955
821.570750026566|977.451883159493|458.944952893554
824.090170750616|979.499836252546|460.139650326637
820.957812701931|976.823067703455|460.605363211977
822.445258223907|976.143663975563|459.073996096014
823.357425382683|978.218525779271|459.939694575088
822.258082688598|975.491022898028|460.766698134696
821.502820289351|976.274640129891|460.171802574495
823.555924317565|975.770392911051|458.442181901178
822.491456601149|976.230230581079|458.530239775491
820.373662916036|977.983504568419|462.463173265185
818.770961099236|976.324192285733|462.746874237569
822.206156957121|976.130149433286|461.389327944862
823.107980215772|975.42130685239|458.582313817161
820.056460937995|976.020463925815|461.661623080124
822.59937385417|974.982981322945|458.110367657495
821.964750931663|976.318150756084|460.273953895628
819.815629192358|977.250012688423|460.257434535869
824.701793487201|975.994238240257|457.823192762942
821.279912047428|974.568156543144|460.484056090009
822.269553550084|975.906856839726|459.145435299063
821.273793288392|975.214006887367|460.493847441013
822.446209609075|976.681104537662|458.955964548079
822.870851967172|976.480590329065|460.686902068185
822.395435842117|977.500392108485|460.132856743357
822.148299457794|976.19653518709|460.352765247881
821.958566897494|977.676278981241|458.93988647078
822.882511556616|974.818480737927|458.08777004149
823.768145248471|975.983067843662|457.976854403891
819.795836388994|977.218468496796|461.467608609061
823.315163485107|976.307898032429|460.490499014247
820.880668761961|977.425729769446|460.831860888024
821.575338753046|978.116486875261|459.756140082038
821.880789047984|975.539977382185|459.314803458497
823.58309801211|976.964239319592|459.021276835902
822.36439715033|977.938876328337|460.603193999168
821.148073627441|976.046030785048|460.282554464324
822.756300945387|975.927687032401|458.926475013142
822.988040662902|976.254797415606|458.950099985629
823.214883280602|975.769199791548|460.586000426239
821.050454073351|977.333757747697|461.475333134258
823.093832230725|977.373037121136|459.603599002496
824.773817454219|975.634860369392|458.454630493878
823.908242599724|975.055605289617|457.8295239594
822.208313545982|975.669059915106|459.542645436873
825.243070837414|975.871475665001|456.664896377647
823.636936055899|976.885637731894|457.634629155321
821.182667036743|977.097385743351|459.783144751747
822.573934200589|975.127734893138|459.481474285777
821.68148249663|976.540526803477|460.042378885898
823.324165715875|978.471876690264|459.203252890993
823.119829657071|978.66636167477|459.24337090029
821.41989389851|977.837508714469|459.187014047071
822.783949920274|978.04371993379|457.954656353362
821.829988957491|975.558437705068|460.399090664608
822.910634818444|975.833035216358|459.162870547256
823.460895487855|977.227825497757|459.755623866337
820.41670896383|977.68382400336|462.397321347826
822.568792835755|974.951166617431|459.175249750052
821.106810076506|975.907782196077|460.729655521041
823.55646595932|975.413892378885|459.103254402947
821.271448332352|977.415209320778|460.433887064034
823.419624591904|978.233869575655|460.077653220151
822.679053410932|976.765232817124|458.578863981388
820.916620906076|976.760841571887|462.046916407339
822.750294212977|976.856161567181|460.629724188176
821.467208697777|977.006639512792|459.707443686839
823.562247128013|976.380875585717|459.293787958569
822.203057534653|975.699683641457|460.447400629558
820.489635504417|976.592524702771|461.466455668883
822.320401754102|977.252397441531|461.203827901163
820.048289960229|977.745056248344|459.365786205406
820.437475350341|976.981753293559|460.817656701713
821.428476334698|977.482686276274|461.132939403106
822.410111188491|975.865011880889|459.198791281911
823.072842298324|976.911579126004|460.503960189023
821.914454818586|974.735425904301|460.516052367802
822.609948038145|976.778625425727|460.348095254912
823.155159872741|975.540174778954|459.708699252675
822.775607802232|975.969088658228|458.10984487154
825.4079875542|976.649059526479|458.947914950504
822.253360803006|976.653672120882|462.497069116335
824.764506596779|979.08721408967|458.741984698377
821.63307150949|976.471473901685|460.521642459758
821.56283309487|977.053460887459|460.61840593102
821.16839203449|974.691273131989|461.403524745471
820.618599925047|973.265822283095|459.397067747328
820.343267398592|976.35873318034|461.856744190084
818.331299745274|978.016560226545|462.442743906244
822.998042451078|976.419194620505|458.408533894192
820.6373558283|975.343033123586|459.463644016744
823.714992566217|976.901029188467|460.297575878108
822.032877214744|975.926403633246|460.236246951427
822.902591444048|975.726441831341|459.654518332888
823.442535024955|976.718053013161|459.704504670001
823.252651436684|977.029747308371|460.172524846847
822.18570094937|973.260067912706|459.591513890079
819.800192616739|979.555435301905|461.627493574744
823.637698224145|976.212364638407|458.17317940429
820.660109142642|977.315306166135|460.170062351704
823.204125427099|977.827174349293|460.075733643495
821.573249044413|974.597112853365|460.547018560172
822.291942112337|976.368695781334|459.484031836241
820.39845221247|978.207823643032|462.420729304762
821.741110086307|976.261732218181|460.469658871595
821.312265863047|976.259227966755|459.273326428659
822.811470021242|974.79933405237|459.810504039823
822.135722145953|976.954143417562|461.131823947535
824.121627595302|976.669662370561|458.949898157634
821.589703794499|978.021097759618|460.815743957725
823.880177976794|975.566987983699|457.232717356103
821.846199090989|975.398568550507|459.326408636078
823.161572218845|977.494725637456|460.218735500703
823.6989017824|977.989311874035|461.435546150908
822.698306655948|975.530751706675|460.78184402332
821.570024972245|976.07084374534|461.196850295792
823.245054877378|977.387015973931|460.053850672242
821.801267727462|977.62006284195|460.525859638932
822.041232630402|974.20469926877|459.784023513993
822.915749145035|977.046553618035|457.614145934822
823.908386656608|975.268788204951|458.588466352993
821.975959827091|976.571928829535|459.09855043675
822.133491261953|977.2393276252|460.668009888579
819.409706501698|976.53326351807|459.445302116915
821.873317747317|975.465570141677|460.357944491956
824.135474332831|976.44294566187|458.774978039192
822.939457035923|974.119056383001|459.761425000946
823.30101499614|975.517461369833|460.358636490794
820.738514201045|977.325280766711|463.047785820553
822.412413067669|978.30385784304|457.599501607252
823.999679870386|975.726420889044|459.662399112449
824.696667823438|976.918622261228|459.936819413571
822.535699897898|976.805529448086|458.987288490826
823.614814994022|977.054319193462|458.354138472759
822.287420806171|974.3792980083|459.291355987245
823.547808955726|976.479055942202|458.998523240553
820.968722453379|977.971610402254|460.58605324166
822.480045428557|978.12920138951|460.3239425926
820.874860690978|976.242485509592|459.532048726407
823.320048516079|977.05923342668|459.813734094665
823.607283080317|978.832065121489|460.849964947883
822.382844073698|977.760380676507|460.697275768789
820.493428424902|976.837338928583|459.411015155139
821.254210959702|978.91433119731|462.157398237244
819.950002452065|974.931899722037|460.896997364909
819.574419695518|976.898223705789|460.564125049011
820.232440576652|976.148233466921|460.785002105608
823.705822871039|976.569242703318|458.489552256248
822.467114092336|974.713340644453|460.109852211042
821.541475357114|975.358237626933|459.615822113086
822.838355387942|976.30010196158|459.899461914465
823.513490243277|976.988462050934|460.176353884188
822.612139448794|976.646732662622|459.492944564908
822.107075809947|977.217583488326|459.286951591051
821.640303536228|978.100848671805|459.187856871815
823.641341324768|975.771090971864|459.219976794775
820.974103807022|976.692152087986|460.317973949399
821.750357504505|978.469721827854|461.78451845579
822.192725158932|975.022704238247|458.7385543831
821.65318396241|976.717105786566|460.687771931572
821.455870437538|977.566152410808|460.914290603001
824.385490499544|975.829676533957|457.44561242676
820.256415244933|974.518974461843|459.793595234007
821.312614166343|978.739719414967|460.51146057977
822.696614683845|976.391880832097|460.372017017487
822.739338080262|976.839858316093|460.949400677434
823.245512225667|978.680716575489|460.702674998169
822.81747013038|977.199146578942|459.491437768202
823.48731352511|976.248083489167|458.185308357522
822.225367265811|975.708311249782|458.616797015945
821.400864973248|976.32629743279|462.019210502957
819.502763048723|978.739988806634|460.962500155499
823.871831586381|977.20146420865|459.610779291372
823.431359926992|976.586151004067|459.406761987059
820.121562374328|976.164332102543|462.35611077127
822.334707298032|976.377854512197|458.239759964877
820.438984216649|977.675300259214|461.030686505377
821.189469854269|977.602413215116|461.343038624856
821.572782962702|977.165989233967|460.790509644579
823.861224323078|976.353562132864|457.788193928316
821.192931291306|978.072545094507|460.295261580434
822.90596374831|976.475729639233|460.951518862833
821.593608053693|976.845166091825|459.853972419101
821.703895526418|978.329521107506|461.357957554722
823.904068090834|977.112619305575|458.570813932573
820.973301298744|976.791171627717|460.157404407459
822.335833993946|976.542029745381|460.403653701573
824.918310323955|975.27008893853|457.977251141255
823.329217202643|975.319832798903|458.492066148352
823.571816404881|975.698729385782|460.002116000915
822.004249021633|976.352927088084|459.185153172267
821.138149290392|974.766016190385|459.028550600464
822.924018388246|977.105395816364|460.95778849882
821.443453913761|974.244237237295|460.361938661161
822.884602983041|976.51222604184|460.07554194082
821.917264914142|975.92577007578|460.004938765756
820.761102426235|976.382726973611|460.58242900554
821.408992924367|978.46479573099|461.422131490833
824.456591567674|976.406913889193|459.719642583409
824.936636289841|976.596366809059|458.978644237508
822.40254533526|978.064290738856|460.047884855001
821.935109496048|977.35037341564|460.294329868913
821.956331630862|976.437297124443|458.303278272807
823.580157856449|977.133902014736|459.403550788532
822.197947412334|975.347950243059|460.392017616176
822.587168175006|977.192684572876|459.394382014698
822.4746860205|978.271196278659|459.613747794399
821.012245065232|977.107069417539|459.975836555626
821.726458932562|977.33013822175|459.947906853573
821.359132211472|974.756079329807|458.939593213083
823.191699696826|976.697533704247|459.331760447253
823.907898794091|976.962644088326|460.680570148395
821.80044014618|976.491114900334|460.458184918401
821.523251369266|976.674876865095|459.87018934969
823.002278771664|976.004668492368|459.282124384513
821.647611913246|976.214099974857|460.103958965471
825.424640134728|974.52133585033|458.239927003644
823.151850126748|977.088023976675|460.254503943608
824.699900295516|975.078859888969|458.831549422777
823.085484928141|977.255054601895|458.62551061424
822.544081920396|976.507019510353|460.213234882233
821.256527047521|976.715958948564|461.134159414762
823.523449232011|975.268120044972|458.759664244221
823.089439033669|977.063415234334|458.512301787646
821.722941275186|975.566507906108|459.266741481352
820.005360710474|976.944919870518|461.275701644408
823.622667576989|974.001756868028|457.471960828716
822.253133827158|976.313793012946|459.334671755119
821.261365060274|977.65549471822|461.747527813739
824.434656007615|976.749549971612|459.47191734742
821.046512700254|976.989135805004|460.230794922603
820.695208621311|975.432547881895|460.647147802738
823.597095240209|976.489398306281|459.747929711006
824.133221134969|977.583984923721|460.025189866264
820.85704989392|976.15105870003|460.835289954417
823.658239747385|975.807526794575|457.354591073683
821.902856415226|975.393040220262|459.642787375792
823.717476157727|976.487935962806|459.112027919961
822.0138048187|974.943294297629|460.453171662232
822.156753441513|977.244166078425|459.128554514461
821.767605832895|979.200777795662|462.554902115417
820.20194758456|977.231283409041|460.598754337856
821.341995846613|975.398390778353|458.79526172552
822.813127283334|975.552027310466|460.173958424968
824.855351694103|978.224369022889|460.575637629297
821.387345266167|976.369449216777|458.484381593088
823.327328777399|975.750699584513|460.242508087238
822.267513435996|976.774206468034|460.018063515792
821.347833363934|976.78399791189|461.450677922997
821.90563730069|978.238299927971|460.5017925768
823.181737791461|976.532687593177|460.504090249825
821.147976273284|975.095908578364|460.776789226211
822.927882770231|975.293692809565|459.050514955299
821.030024879533|977.086849002686|461.723257592159
823.254578946275|975.763295134477|458.222961990878
824.085332967548|975.886241438983|459.810924180105
822.739402581975|975.489359441811|459.078172200222
821.925980694586|978.131298157159|461.251426280622
822.5248028936|975.335828279608|458.884786451146
822.795582478657|978.39816342934|461.282769038623
821.797304560128|976.459494228756|460.962797082798
820.803474732467|976.48971377536|460.762458334639
821.845892756109|976.687423406464|461.315543548252
823.826923305788|977.889271048115|459.428540803642
822.035600786911|977.019022089147|460.03041791924
820.733737717315|978.08596082033|460.993057065818
823.64964143647|976.177895464262|458.946232806056
823.014129056261|976.50406768298|457.577929102532
820.689385109438|977.916751098617|461.485918100992
823.385912680811|974.323278764212|458.969618927852
821.550072342392|976.629169518708|460.39704428098
821.85679069004|976.002631960108|459.164868842628
821.791977726408|976.794453604424|460.291160088118
822.977245752685|976.824763999081|458.73569390633
822.35955171063|978.52737296361|461.501939186003
822.87183933428|976.689174213231|459.686776629324
823.248394231528|976.367429712247|458.378671705015
822.618090541175|976.898383278469|458.991361833733
823.466308271012|977.701709802423|459.327492577748
823.530210688224|978.695263462951|459.412493344211
822.983363441534|975.416483014336|459.647763744911
821.18062852561|975.011634382703|459.875649726145
821.818924726012|976.569514110379|460.171551006321
823.295741468645|976.12126240535|460.356535094015
819.374498623834|975.804857629665|460.3199851761
821.898102587875|978.153345389834|461.082260783529
822.688526248721|975.896875798584|459.915562786148
820.796483255808|975.674493348306|460.881073472395
824.542043662098|975.448789142073|458.1479657418
823.283743720571|977.429253172996|458.868066596811
822.48638484649|976.195714951624|459.004049499738
821.567068237437|978.353290735154|461.729803921994
820.739744429806|975.143449336917|459.228418862284
821.925463412014|977.835417936284|460.094445341174
824.016069391594|975.93308285835|458.856800210754
824.441998484749|977.474273807125|459.95727244796
822.791105687436|976.326258270574|459.348111345644
821.70298848592|975.523195984568|459.691763036775
822.860419951727|976.137281373176|459.664843727033
823.270774126945|976.539297224929|458.917871395792
820.197066359274|976.851341636181|459.524749309711
823.02922652214|975.398515633201|459.653790955229
822.02480835198|976.841925877437|458.792501429929
821.325511705807|979.239501480274|458.457353563483
821.994365598699|977.704564455826|456.808978888949
819.746578124216|977.229392690566|461.023003159481
823.554198996781|975.696505840912|459.659787137049
822.283152392081|976.795593293053|459.69021392974
823.402762341724|974.233248318734|459.113195232579
823.195133102367|976.532274016656|459.134210997717
821.881451864199|974.415109561997|459.386794931999
822.08764166385|976.348929579816|459.418679682031
822.937995938626|977.636275492309|461.106257835628
822.537025021368|976.529285712114|459.52362431605
823.519305139724|975.730457866646|458.979037794126
822.177383627042|977.562793811293|460.280835820596
823.062079781972|976.426253696634|458.686604262616
820.757664861277|976.26488426881|460.028237038387
820.365912501964|974.644107777974|460.280201954331
819.911040347719|977.556740873712|462.645747150099
821.54495641339|977.114936605751|459.890945760102
822.418019489995|975.587818732008|459.657821178265
821.787563601671|977.02472808131|460.31097856413
824.802641833721|974.653504365334|459.13144623567
821.516790348433|976.93261352802|460.020560579329
820.79396766529|977.140171476176|462.080532215012
821.296199902121|976.976864322778|461.987520742414
823.100242532461|976.923481719702|460.420277614746
821.683864042601|975.769630856581|459.128285267383
820.837227225631|977.572098626916|460.325096101056
822.403737499537|978.019097205108|459.890813607364
821.641390180861|976.094340582337|459.339273380779
821.793737973148|975.605760848126|460.411595953117
822.419953962251|975.752410608751|460.15256059177
824.484930385623|977.336145907525|458.101158316991
821.098331914198|979.297090377511|462.128264930985
822.763664620014|977.151593524101|459.878032987281
822.884518013604|975.942845269786|458.351472217668
822.810877814352|977.456632230637|459.72855550292
823.041087388797|978.682476875466|459.217982641659
822.474873169135|975.886781196419|460.186576461063
823.48711298962|978.290538276357|460.767297407014
825.775595683616|976.776240666363|457.437022144779
821.661743735841|976.83283837247|458.947473721796
822.121207349|976.703951612075|461.272727662959
822.799978666833|977.13589340618|460.424901351743
823.319317146216|977.491329341919|459.34179252714
821.125815437527|978.112090075687|460.048759735085
824.223441665645|974.294240810436|458.849708056092
821.449943828416|976.182390101538|459.210673262721
821.225709772972|976.520902867314|459.371857220319
822.096730840431|976.726025658959|459.625563804788
821.88760119077|976.248241171947|460.862340315347
823.477367282088|976.997406976003|460.469803877028
822.453277460486|974.949580316643|460.515950088319
823.30598815669|975.677359393593|459.728643157701
819.826222198005|977.712243682339|460.040464692311
823.483085362884|978.068090373034|458.946438264296
819.843746335727|973.857611210408|459.842448482693
821.705574788777|977.571703098977|460.698895913067
821.410126997062|977.348811135281|459.716966229297
822.689253110096|974.9864251959|458.75276290068
820.898228631421|975.740946817866|458.879087990396
820.189010203479|976.666919017354|460.644598434391
821.006218788079|976.229531167772|461.267564860196
821.758669839221|977.044554909868|461.192358839114
821.436615642417|978.755014774725|461.192244828069
822.926686040925|976.498822221805|458.792960114719
823.073776763392|975.282334884316|460.174262319768
823.191561796196|975.902035531587|459.13461810134
823.539335317734|976.70158854835|459.346620923482
821.715189904329|975.106360019842|459.336056129547
824.561139407781|977.310505981728|459.883773076884
824.203963144761|977.303673707564|459.940976525228
822.658682122701|975.26617311242|460.597691747152
821.638399468431|975.828844861425|459.987986667429
821.127145820162|976.125642454123|460.397099756802
820.866858457971|975.416582847314|461.665860978147
821.821339831478|978.556432447751|459.857805302449
825.07430227628|975.692345926701|456.684465820542
821.346550926714|977.087506126021|458.988972615073
822.219742199307|974.486167462132|457.996825405927
821.972012019683|977.259256391066|458.130516435643
821.089185918478|977.361727906709|459.912902615774
824.311447816331|979.179205068211|459.504524273638
821.39803643665|977.161825304079|458.36085510426
821.07347274137|978.240112382457|460.563070539783
822.659607755156|976.189279619639|459.885479853002
822.051090523875|977.999461801872|460.894352640639
824.636417609914|975.797091922179|457.443596948076
823.822642824195|975.865366291857|458.523218933178
823.887529960988|976.978742607689|458.227762807774
823.395976384462|977.72950129256|460.729936496228
822.479157188923|976.974043532078|458.459657785688
822.622510631173|975.287391545964|457.72672319151
820.168529645931|976.29002185092|459.568584014052
822.447124126219|976.519218510988|459.951771736348
823.544982373311|977.881912206121|458.184124585151
821.981518407881|976.824946262911|458.216841293741
821.812567158498|978.835494682156|459.830790724718
822.497797141873|976.521420185546|460.839015874524
821.531112380253|976.044125782143|461.61225131515
821.398141917993|976.846208839907|461.470936323318
822.551558973358|977.576589271017|458.882289356927
821.930674130693|978.056438679716|459.544737853834
823.508380280287|975.839548683879|460.289779609733
822.741154963476|975.163749707621|460.648894341489
825.023772997848|974.826584995956|459.037156098853
822.725986800352|975.689412457332|458.226343370621
823.095816334184|975.988572884893|458.871663307682
822.814693881197|975.121972409922|459.97182577756
821.805789387444|976.210751235266|458.446426305735
820.740902810488|977.324242270553|459.355750002663
823.242367297265|978.094749787223|459.765727579972
823.310660965295|976.839115436149|458.072139987507
820.649919330864|976.398828698535|461.947971046163
825.185123100682|975.558690042077|458.296268503764
822.646211103119|978.102623747918|458.440355020398
823.025253822825|973.256662840751|459.306393261583
820.651097946123|975.420510978836|459.579946829878
822.401061112236|977.349975334675|458.412657490336
821.218146785462|975.734929703365|459.651122663316
821.762886903387|977.910113067192|460.491056556841
820.765227640007|975.795385767974|460.447989029987
821.855816022947|977.914331701783|458.622645318946
823.610498135329|975.55380269259|459.123780662738
822.429253610742|976.342036291601|459.957735176205
823.231465572626|977.047498941308|459.554693174097
824.390321141915|977.087364684916|460.32574503565
822.380725358513|976.628451548273|459.870205996475
822.279452035985|976.430828250105|462.329078300072
821.928298856941|975.018082353419|458.325479503446
819.794334556556|976.579743638476|461.13825009697
824.529474143184|974.987416001862|457.478731832841
821.160277606286|976.452482385452|459.402600796182
820.272102060742|976.153934294171|461.671497102231
823.845803965881|976.762732807029|458.774023844039
823.800882742552|974.806031210002|458.524001146921
822.497621548325|977.779490838995|460.528686739341
821.886574854224|976.843618847802|460.49888751866
825.689047994599|975.640928103336|458.088323327401
821.617445476729|975.300936970194|461.113371164754
823.044264488134|976.432717479926|459.298735761951
824.15976100292|978.029844416971|459.584103059526
823.030217559541|974.788692868441|458.825900878906
822.065263842604|977.786314932728|460.362936109511
822.772167030187|974.71585700622|459.787821769695
823.185044678606|976.279895974982|458.461343907467
822.626938452211|978.331593929268|459.518695048601
821.726491341951|976.056028052181|458.90607919391
822.7966998957|977.611618115238|459.06214560146
822.972608475606|976.521344247882|457.921345407038
820.854622147691|977.26024433712|460.101825437123
823.156302400077|977.15999379487|461.135551569513
823.729048332849|976.632949809804|460.734555659097
821.340563430203|975.902184572627|460.104951075047
823.207991125174|975.71648013449|458.992020040445
823.591489798621|976.235214111025|459.134405884674
823.03787399042|976.32717780375|459.806687338743
824.951774586026|974.785916290948|456.197387338052
822.844418951259|976.679996747249|460.118733096504
821.642225367808|976.834701320601|459.608413694618
822.354243651632|976.717545007443|458.045648950666
825.838199792499|976.504922562444|456.891249648873
822.065197301371|977.365916874781|460.306082036901
821.37518526475|977.474959558657|460.954966968119
822.641565866682|975.862454039893|459.890644484181
823.919451856578|976.372886759575|458.581800540938
823.381333193382|975.583939787981|459.347280764888
820.413326676067|976.851220863494|461.284672533396
823.5689363523|975.776727763818|459.828450595269
821.557305680192|976.125062010208|459.173811636733
822.140017537657|976.814395554455|460.196701738418
821.172204967886|976.038488255017|460.547695893193
822.664985334886|978.37631738637|460.648427151175
823.970133329498|977.651686219392|458.549406073101
820.183858548096|977.25021599746|461.114354821536
823.396149387335|977.856167353749|459.680248816868
822.109960550573|977.644207986708|460.24776148744
821.22418014672|976.46243569348|459.104623827108
822.029208211612|974.887785317189|460.359554273064
824.184572020661|974.152258191993|458.679019164635
823.449572661016|977.183713405258|458.613898607033
820.502563216213|976.098010532374|459.829460800495
825.451860469512|977.035558269459|460.705496787681
822.365154271085|975.832659256692|459.122845141569
821.582528647794|975.658589349186|460.659473551149
822.159021560406|979.005913578908|460.790151652883
821.358928567567|975.018370939228|461.416220775317
822.753674254633|975.613729267904|459.84451441767
821.110630404737|977.56704605521|461.724592444876
820.210002468768|976.205362737886|460.136604095966
821.987603508559|975.447689413907|460.751214380759
822.680425085559|977.008694647113|460.175024630398
821.516257805581|974.097545545147|460.456309810775
822.802585548796|977.285639201818|460.170080078091
820.529828184359|979.298101317354|461.367060967332
822.94724042088|974.895761802054|460.46838559458
824.068273861868|975.897676846911|460.136842125133
822.249014566786|976.771701218505|460.055325780864
823.188364021245|975.820997366226|459.729507636624
823.751482071861|977.797540838873|461.299886974129
824.378506717151|976.128751832139|459.001319424879
824.161941571287|977.190720940574|459.286324430879
820.992332600268|974.63051022354|460.557000408501
820.407272018932|976.538574752499|460.140053050349
822.518883225478|975.1036793212|456.952813492909
820.181575100938|975.024229184361|462.036379836419
822.748199732198|975.075632644375|457.621877263874
824.522929477826|976.036315551216|459.12460327186
825.237554050252|977.937427902818|458.366835900917
821.610814016131|976.895307264853|458.818781946209
823.582466910938|976.336992564644|460.788574870618
822.321193856638|977.287799157573|461.063915418134
824.950105282546|976.557683163118|458.39148802101
822.486515106097|976.488870521315|458.681721373752
822.805222442062|977.287484588902|461.376169465011
821.476191213778|974.96686933871|459.233679333395
823.472359661313|976.75293468026|458.226922339612
822.244728769744|974.629884961434|459.110547298066
823.092014408782|976.967749949581|458.228267058972
820.876353267645|975.593799588268|460.004708255444
823.600494919436|976.3142498886|459.674647327474
820.8782687005|973.79763786531|460.732605803706
822.406451341626|977.444473628739|459.863380414903
822.840687075191|974.131101031778|459.918717786405
822.970265196786|976.813860637891|459.239075066257
823.83716589647|975.722550218713|458.828343798396
821.745031661543|976.1415180587|459.905118581716
820.177376470208|977.154066424443|460.926890171276
822.687284742071|978.013250231341|462.140047696413
824.016898172286|975.894654940688|458.426387186966
822.265806905124|977.819509300173|459.008841714254
822.398684963381|976.374861207986|460.501290728987
823.980460710848|976.690975061648|458.174951266485
820.650349275706|976.253401528491|460.963272306557
823.490770537463|977.556177050808|460.85999713999
819.941157546054|976.302938347495|460.310838999035
823.505190582972|977.42012497576|459.390904215217
819.887846896073|977.358932334476|461.995934536849
822.919822481038|977.551007764987|459.015251519146
821.296114691348|977.039187959449|459.887916311901
822.037297098965|977.575598691373|461.018975992461
820.218872628858|976.244832181831|461.947217312169
823.031897494221|974.688740460356|459.7501696853
823.384750765572|976.834375308941|459.546517558128
821.420585388163|976.729919975535|459.009579764711
821.456489773011|976.76790902885|459.997398831139
820.906345749122|976.156679992634|460.723029802884
821.298485454653|976.04902791792|460.606188008455
823.515114485779|976.305225375143|460.253278376365
820.474019415483|977.539080244272|460.697414432686
821.135724982336|975.764619020183|458.815071591375
822.343272044314|976.072574493252|459.984105694263
820.086662999082|978.769006872512|461.223154537444
821.425737987036|976.397189501452|461.820472628419
820.308835132674|976.452249821357|459.560714125773
824.830675540875|975.614329834172|456.594357214774
821.871620535586|975.45498259321|461.859676030302
823.778945993187|976.62989965039|458.982186424817
822.098768954715|975.679915456314|458.535102550553
821.737586613085|978.065971302152|459.45762442154
823.527981333265|975.623210061867|459.471733328503
825.18796053309|977.271396691278|460.270615463401
819.265132211367|976.699461467738|459.668814125895
822.531461757028|977.589151689848|459.712531328832
822.547575322117|978.67567130632|459.416534988031
823.132057632558|976.395560642825|461.405854458217
821.143643874629|977.199428898219|458.877208159611
824.092594857799|976.700395014772|459.506509969067
822.431853507568|977.502542657942|460.277252256511
822.990838979795|975.426612290161|458.924671145583
822.588064570111|977.012712116939|459.954969851825
822.329679205703|974.470208845599|459.092059617094
823.322718738458|976.300460107723|459.166168760325
823.027269450881|975.456010946845|458.34907646077
821.526014320766|975.292029156726|459.859779640103
822.912199962255|977.202028704857|459.653823696288
823.554822557736|977.246174501986|458.09396949345
821.757553267472|976.338503539712|459.910913145326
822.760016955518|976.10225021306|460.883950899017
821.663727298082|974.630900612497|460.096957266477
820.863175924167|975.753016305806|460.134202112633
822.779947095719|977.505362075943|459.340818566732
821.59879657217|977.004487257366|460.800438736084
821.547322314371|976.069968854615|459.990798245398
822.056124495231|976.368753595085|462.258164004332
822.049319671778|978.759387431583|461.030548645305
820.761695901657|977.951674011838|459.966955128187
822.044922563639|978.669902237488|458.899572849435
824.822980531286|977.331982616432|457.992679046582
822.794826641099|975.243263189192|459.766068621685
823.328557878521|977.305790900088|461.036713069831
824.035169116005|976.522160595641|459.209994790591
822.448273852702|974.601804206633|460.448955800821
823.101015548288|976.103884134654|457.389482699905
821.274042930171|977.715884060942|460.982416097743
821.717081944497|978.129387904941|459.373071959868
822.845379634929|976.716969124431|460.420500179945
822.276678650293|976.407172491091|458.176712671787
822.151640702867|977.216421689765|460.30342789766
823.092329061219|975.759186347171|458.760020347401
821.570342381968|975.352931721915|458.649244635959
818.620616255396|977.028255729674|462.330139658079
822.489623033245|976.442615605956|460.118177802321
825.718076655588|977.422490015367|458.084274948799
822.145436568073|975.454231797833|461.079706536865
821.74598787688|975.179274710762|459.016669411015
821.2803543478|975.950223735539|460.396440725817
823.050065193377|975.273844819544|458.843222474551
825.258440581758|977.4343066157|457.575473752475
822.356414080338|979.376365679475|460.575051483626
823.693843675089|975.388053501887|458.084033169087
820.241949458011|975.307533321809|461.138819679253
821.555302029345|976.348110566274|461.18404982076
823.140814462144|977.86685164953|459.732565696682
823.264711664377|977.470358517319|460.974695692446
821.589686886349|975.046605060788|459.440176818777
822.603208893493|977.439434183231|460.634461179895
821.090819169752|976.889731742366|460.534027766673
821.572915826066|975.700971126972|461.27177000051
823.354591752751|975.981761146762|458.578885652427
821.580538032903|975.709976172715|460.706851589601
822.366102286102|974.849388345009|458.83832121885
822.438509227127|975.499285961795|460.862568495843
823.95383344441|976.815856221249|458.581559251897
824.658913420218|976.028097904634|458.398735626032
822.718767180164|976.206307463497|458.423238881557
823.516158310563|976.055140336873|460.671156406216
822.634079703752|975.828343980726|459.110423484314
821.175717572242|976.942064836004|459.276276145016
820.128907207208|975.7446201732|458.743682764866
824.193707045729|975.878763827233|458.72809591879
822.265475988385|974.185942982299|459.016558266432
823.366417906589|977.500465253399|458.844707772156
824.07360467117|976.505785611437|458.886409303671
822.913301420084|976.378647039511|459.066042358445
823.052849022973|976.550527400705|459.334641318807
822.899949360198|975.850440892529|461.119238105163
824.409316400971|976.72478063745|458.98849008152
821.592944409914|973.494152782881|459.859144897907
822.716546612948|977.14421793912|459.298917152983
820.11452513926|979.270187115642|462.179717406819
822.317747141457|974.816655090323|459.370031183094
820.421030159875|976.44007688593|460.934006260675
821.902632026463|975.630212470565|461.18818310116
822.842782893926|974.497845852044|458.550915135714
821.847586174285|978.420788265472|460.558536427004
823.632152682139|976.628566387778|458.545653318924
824.740096117274|975.597896092524|458.728506731242
820.361321342142|975.650768060499|460.28604350514
824.629556595761|977.377940349385|459.982443145078
824.535099138481|976.608331161807|459.337072726702
821.352435992355|976.967413365375|462.12401371649
821.518189231377|975.730860942734|460.504837745468
823.185946681888|976.035272320686|458.619219349267
822.203094023476|975.055405545958|458.714658092535
821.586724449815|976.495484637896|460.343413109856
824.107727068549|977.709555407276|457.899693462256
819.77933354166|977.69908931591|461.999106555712
822.331927361164|975.623932304115|460.187233876842
820.557568335629|974.677597726447|461.787153877745
822.331996241373|975.926705914041|458.86277362125
821.41619798509|976.775952174085|460.075542822039
822.907741701611|977.559834077354|460.364528621372
821.794658470259|977.84547184453|458.887196187936
819.345383260431|976.712573845659|462.161780544473
821.072655235244|976.096102754359|458.424782344587
821.994440186642|977.82906456843|460.599065307189
822.191197630576|976.8487543135|460.61483551135
821.225559972972|976.555922967707|459.932427015147
822.895553785057|976.84969175363|459.761732165985
822.43071640182|977.640597790146|460.684779461761
822.705707051733|977.132678736952|459.062840243687
820.755030231323|977.654172878171|460.969461708367
822.897021666905|975.899441994371|459.552792583699
822.337111747608|975.794640690556|458.266402508217
820.569842297183|975.507951924664|461.007510390593
822.732600143064|977.240356279046|460.495165233554
824.561313462892|977.144342882196|460.127222053715
823.674250812241|978.362066934208|460.378895035442
822.692950994987|976.884554624226|459.450426935657
823.029555610116|978.844510757971|459.789031200994
822.092381441091|978.970396038675|459.848437154455
821.809063864015|978.083813177376|460.2495933414
824.440916468677|979.885584170198|459.601048943201
822.653187719708|975.215032340457|459.853370689639
820.673366474239|977.246407236278|461.576230943718
822.996735986536|975.893364318969|458.947786674805
823.6098745837|976.818080841536|459.411780137177
822.813444009688|975.923021786254|460.92985265962
821.323402392009|976.431410379544|458.97718012281
824.205616446118|974.835107273593|459.067008064099
